{"stats":{"minecraft:custom":{"minecraft:time_since_rest":3763,"minecraft:crouch_one_cm":187,"minecraft:play_time":3763,"minecraft:sprint_one_cm":22158,"minecraft:damage_taken":203,"minecraft:walk_one_cm":10031,"minecraft:sneak_time":60,"minecraft:drop":3,"minecraft:jump":101,"minecraft:damage_dealt":578,"minecraft:leave_game":1,"minecraft:time_since_death":3763,"minecraft:total_world_time":3763,"minecraft:fall_one_cm":936,"minecraft:interact_with_crafting_table":3,"minecraft:fly_one_cm":9962,"minecraft:player_kills":2},"minecraft:dropped":{"minecraft:wooden_sword":1,"minecraft:wheat_seeds":3},"minecraft:crafted":{"minecraft:stone_sword":1,"minecraft:wooden_sword":1,"minecraft:oak_planks":4,"minecraft:birch_planks":12,"minecraft:crafting_table":1,"minecraft:stick":8,"minecraft:wooden_pickaxe":1},"minecraft:mined":{"minecraft:grass":3,"minecraft:grass_block":3,"minecraft:oak_log":1,"minecraft:dirt":1,"minecraft:birch_log":3,"minecraft:stone":2,"minecraft:oak_leaves":18},"minecraft:used":{"minecraft:stone_sword":4,"minecraft:wooden_sword":18,"minecraft:apple":1,"minecraft:dirt":4,"minecraft:crafting_table":1,"minecraft:wooden_pickaxe":5},"minecraft:picked_up":{"minecraft:birch_log":3,"minecraft:apple":1,"minecraft:wheat_seeds":4,"minecraft:oak_log":1,"minecraft:oak_sapling":2,"minecraft:dirt":4,"minecraft:cobblestone":2}},"DataVersion":3465}