{"stats":{"minecraft:custom":{"minecraft:mob_kills":5,"minecraft:interact_with_anvil":3,"minecraft:play_record":1,"minecraft:interact_with_crafting_table":1,"minecraft:tune_noteblock":1,"minecraft:open_barrel":2,"minecraft:leave_game":1,"minecraft:time_since_death":41888,"minecraft:climb_one_cm":528,"minecraft:time_since_rest":41888,"minecraft:sprint_one_cm":54933,"minecraft:damage_taken":225,"minecraft:walk_one_cm":27647,"minecraft:drop":31,"minecraft:damage_dealt":7282,"minecraft:swim_one_cm":8224,"minecraft:fly_one_cm":846531,"minecraft:player_kills":3,"minecraft:open_chest":8,"minecraft:crouch_one_cm":84,"minecraft:play_time":41888,"minecraft:sneak_time":1038,"minecraft:walk_under_water_one_cm":5969,"minecraft:aviate_one_cm":27078,"minecraft:jump":256,"minecraft:walk_on_water_one_cm":5806,"minecraft:total_world_time":41888,"minecraft:fall_one_cm":5729,"minecraft:inspect_dispenser":2},"minecraft:used":{"minecraft:armadillo_spawn_egg":1,"minecraft:wither_skeleton_skull":3,"minecraft:heavy_core":4,"minecraft:carved_pumpkin":3,"minecraft:sniffer_egg":1,"minecraft:trial_key":4,"minecraft:soul_sand":4,"minecraft:anvil":2,"minecraft:crafting_table":1,"minecraft:note_block":1,"minecraft:ominous_trial_key":1,"minecraft:mace":18,"minecraft:wind_charge":53,"minecraft:iron_block":12,"minecraft:breeze_spawn_egg":3,"minecraft:melon_slice":10,"minecraft:bedrock":50,"minecraft:wooden_sword":32,"minecraft:jukebox":1,"minecraft:splash_potion":1},"minecraft:crafted":{"minecraft:wooden_sword":1,"minecraft:jungle_planks":4,"minecraft:stick":4},"minecraft:killed":{"minecraft:iron_golem":3,"minecraft:wither":1,"minecraft:zombie":1},"minecraft:picked_up":{"minecraft:crafting_table":2,"minecraft:ominous_bottle":1,"minecraft:jungle_log":1,"minecraft:oak_log":3,"minecraft:shield":2,"minecraft:wind_charge":11,"minecraft:dirt":2,"minecraft:orange_terracotta":2,"minecraft:iron_ingot":15,"minecraft:poppy":4,"minecraft:bamboo":45,"minecraft:melon_slice":13,"minecraft:tipped_arrow":7,"minecraft:heavy_core":1,"minecraft:mace":1,"minecraft:rotten_flesh":1,"minecraft:crossbow":1,"minecraft:breeze_rod":1,"minecraft:emerald":5,"minecraft:music_disc_precipice":2,"minecraft:terracotta":4,"minecraft:nether_star":1},"minecraft:dropped":{"minecraft:iron_ingot":15,"minecraft:soul_sand":1,"minecraft:sniffer_egg":1,"minecraft:nether_star":1,"minecraft:crafting_table":1,"minecraft:crossbow":1,"minecraft:armadillo_spawn_egg":1,"minecraft:rotten_flesh":1,"minecraft:wither_skeleton_skull":1,"minecraft:bedrock":1,"minecraft:ominous_trial_key":1,"minecraft:elytra":1,"minecraft:heavy_core":2,"minecraft:wind_charge":1,"minecraft:poppy":1,"minecraft:dirt":2,"minecraft:shield":1,"minecraft:mace":2,"minecraft:orange_terracotta":2,"minecraft:melon_slice":4,"minecraft:music_disc_precipice":1,"minecraft:breeze_rod":2,"minecraft:wooden_sword":1,"minecraft:bamboo":45,"minecraft:splash_potion":1,"minecraft:breeze_spawn_egg":1,"minecraft:terracotta":4},"minecraft:mined":{"minecraft:jungle_leaves":1,"minecraft:crafting_table":2,"minecraft:short_grass":5,"minecraft:grass_block":2,"minecraft:melon":3,"minecraft:jungle_log":1,"minecraft:bamboo":4,"minecraft:oak_leaves":1}},"DataVersion":3953}