{"stats":{"minecraft:dropped":{"minecraft:feather":4},"minecraft:broken":{"minecraft:stone_pickaxe":5,"minecraft:wooden_shovel":1},"minecraft:used":{"minecraft:wooden_axe":45,"minecraft:stone_shovel":12,"minecraft:stone_pickaxe":769,"minecraft:chest":2,"minecraft:wooden_pickaxe":18,"minecraft:cut_copper_stairs":25,"minecraft:wooden_shovel":59,"minecraft:cooked_chicken":1,"minecraft:stone_axe":4,"minecraft:torch":14,"minecraft:sand":77,"minecraft:cobblestone":470,"minecraft:cut_copper":7,"minecraft:crafting_table":5,"minecraft:cooked_porkchop":1,"minecraft:furnace":4,"minecraft:acacia_sapling":3},"minecraft:mined":{"minecraft:acacia_leaves":8,"minecraft:cut_copper_stairs":9,"minecraft:iron_ore":11,"minecraft:crafting_table":4,"minecraft:torch":3,"minecraft:short_grass":7,"minecraft:acacia_log":18,"minecraft:coal_ore":71,"minecraft:dirt":2,"minecraft:sand":78,"minecraft:copper_ore":66,"minecraft:tall_grass":2,"minecraft:cobblestone":42,"minecraft:cut_copper":7,"minecraft:stone":578,"minecraft:wall_torch":4},"minecraft:custom":{"minecraft:time_since_rest":54292,"minecraft:interact_with_furnace":68,"minecraft:sprint_one_cm":34475,"minecraft:damage_taken":38,"minecraft:walk_one_cm":68929,"minecraft:mob_kills":8,"minecraft:drop":4,"minecraft:damage_dealt":533,"minecraft:open_chest":9,"minecraft:swim_one_cm":1322,"minecraft:interact_with_crafting_table":17,"minecraft:fly_one_cm":50892,"minecraft:crouch_one_cm":53720,"minecraft:play_time":54292,"minecraft:sneak_time":17577,"minecraft:walk_under_water_one_cm":2829,"minecraft:jump":477,"minecraft:leave_game":1,"minecraft:time_since_death":54292,"minecraft:walk_on_water_one_cm":7343,"minecraft:total_world_time":54292,"minecraft:fall_one_cm":6427},"minecraft:picked_up":{"minecraft:raw_iron":11,"minecraft:crafting_table":4,"minecraft:feather":4,"minecraft:chicken":5,"minecraft:torch":6,"minecraft:acacia_log":18,"minecraft:cut_copper_stairs":9,"minecraft:porkchop":6,"minecraft:sand":77,"minecraft:dirt":2,"minecraft:raw_copper":238,"minecraft:cut_copper":7,"minecraft:acacia_sapling":3,"minecraft:coal":71,"minecraft:cobblestone":609},"minecraft:crafted":{"minecraft:cut_copper":24,"minecraft:wooden_shovel":1,"minecraft:stone_shovel":1,"minecraft:cooked_porkchop":6,"minecraft:crafting_table":1,"minecraft:chest":2,"minecraft:cut_copper_stairs":16,"minecraft:stick":36,"minecraft:iron_pickaxe":3,"minecraft:iron_ingot":11,"minecraft:cooked_chicken":5,"minecraft:wooden_pickaxe":1,"minecraft:stone_pickaxe":6,"minecraft:wooden_axe":1,"minecraft:furnace":4,"minecraft:copper_block":26,"minecraft:copper_ingot":238,"minecraft:acacia_planks":72,"minecraft:torch":8,"minecraft:stone_axe":1,"minecraft:air":0},"minecraft:killed":{"minecraft:pig":3,"minecraft:chicken":5}},"DataVersion":3953}