{"stats":{"minecraft:custom":{"minecraft:time_since_rest":2371,"minecraft:crouch_one_cm":165,"minecraft:sprint_one_cm":11653,"minecraft:play_time":7750,"minecraft:deaths":2,"minecraft:damage_taken":599,"minecraft:walk_one_cm":7341,"minecraft:sneak_time":50,"minecraft:mob_kills":1,"minecraft:drop":1,"minecraft:jump":177,"minecraft:damage_dealt":303,"minecraft:time_since_death":1064,"minecraft:total_world_time":7750,"minecraft:fall_one_cm":3958,"minecraft:fly_one_cm":27990},"minecraft:killed_by":{"minecraft:player":2},"minecraft:dropped":{"minecraft:wheat_seeds":1},"minecraft:used":{"minecraft:wooden_sword":3,"minecraft:dirt":4},"minecraft:picked_up":{"minecraft:wooden_sword":1,"minecraft:apple":1,"minecraft:leather":1,"minecraft:wheat_seeds":2,"minecraft:beef":1,"minecraft:dirt":4},"minecraft:mined":{"minecraft:grass":2,"minecraft:grass_block":4,"minecraft:oak_leaves":4},"minecraft:killed":{"minecraft:cow":1}},"DataVersion":3465}