{"stats":{"minecraft:used":{"minecraft:dirt":3,"minecraft:flint_and_steel":3,"minecraft:crafting_table":1,"minecraft:goat_horn":1,"minecraft:obsidian":28},"minecraft:custom":{"minecraft:open_chest":12,"minecraft:time_since_rest":39667,"minecraft:deaths":3,"minecraft:crouch_one_cm":613,"minecraft:play_time":42208,"minecraft:sprint_one_cm":30499,"minecraft:damage_taken":917,"minecraft:walk_one_cm":14301,"minecraft:sneak_time":2227,"minecraft:walk_under_water_one_cm":13943,"minecraft:drop":1,"minecraft:jump":324,"minecraft:damage_dealt":215,"minecraft:leave_game":1,"minecraft:walk_on_water_one_cm":1430,"minecraft:time_since_death":39634,"minecraft:total_world_time":42208,"minecraft:climb_one_cm":732,"minecraft:swim_one_cm":4602,"minecraft:fly_one_cm":1572533,"minecraft:fall_one_cm":7643},"minecraft:crafted":{"minecraft:oak_planks":4,"minecraft:crafting_table":1},"minecraft:killed_by":{"minecraft:player":3},"minecraft:picked_up":{"minecraft:wheat_seeds":1,"minecraft:oak_log":4,"minecraft:poppy":1,"minecraft:dirt":3},"minecraft:dropped":{"minecraft:wheat_seeds":1},"minecraft:mined":{"minecraft:short_grass":10,"minecraft:poppy":1,"minecraft:grass_block":3,"minecraft:oak_log":4,"minecraft:oak_leaves":1,"minecraft:fern":4}},"DataVersion":3953}