{"stats":{"minecraft:custom":{"minecraft:time_since_rest":32648,"minecraft:sprint_one_cm":50447,"minecraft:damage_taken":475,"minecraft:walk_one_cm":46231,"minecraft:mob_kills":6,"minecraft:drop":6,"minecraft:damage_dealt":687,"minecraft:swim_one_cm":13081,"minecraft:interact_with_crafting_table":3,"minecraft:fly_one_cm":905699,"minecraft:open_chest":5,"minecraft:crouch_one_cm":6995,"minecraft:play_time":40571,"minecraft:deaths":1,"minecraft:sneak_time":4072,"minecraft:walk_under_water_one_cm":2111,"minecraft:jump":527,"minecraft:leave_game":6,"minecraft:time_since_death":32622,"minecraft:walk_on_water_one_cm":2098,"minecraft:sleep_in_bed":1,"minecraft:total_world_time":40571,"minecraft:climb_one_cm":3811,"minecraft:fall_one_cm":19317},"minecraft:broken":{"minecraft:wooden_axe":1},"minecraft:crafted":{"minecraft:oak_planks":16,"minecraft:crafting_table":1,"minecraft:stick":4,"minecraft:wooden_pickaxe":1,"minecraft:stone_pickaxe":2,"minecraft:wooden_axe":2},"minecraft:picked_up":{"minecraft:raw_iron":6,"minecraft:stick":25,"minecraft:crafting_table":2,"minecraft:oak_log":93,"minecraft:grass_block":1,"minecraft:bone":1,"minecraft:rotten_flesh":2,"minecraft:apple":4,"minecraft:bow":1,"minecraft:mangrove_roots":1,"minecraft:oak_sapling":48,"spelunkers_charm:rock":4,"minecraft:mangrove_propagule":2,"minecraft:coal":67,"minecraft:cobblestone":23},"minecraft:used":{"minecraft:oak_log":2,"minecraft:wooden_axe":125,"minecraft:apple":4,"minecraft:grass_block":2,"minecraft:mangrove_propagule":2,"minecraft:stone_pickaxe":91,"minecraft:wooden_pickaxe":6,"minecraft:mangrove_roots":1,"minecraft:crafting_table":2,"minecraft:oak_sapling":35},"minecraft:killed":{"minecraft:skeleton":1,"minecraft:husk":1,"minecraft:zombie":4},"minecraft:dropped":{"minecraft:oak_log":1,"spelunkers_charm:rock":4,"minecraft:rotten_flesh":2,"minecraft:grass_block":1},"minecraft:mined":{"minecraft:oak_sapling":3,"minecraft:iron_ore":7,"minecraft:mangrove_roots":1,"minecraft:crafting_table":2,"minecraft:oak_log":92,"minecraft:coal_ore":67,"minecraft:dead_bush":3,"spelunkers_charm:rock_pile_2":1,"minecraft:stone":23,"minecraft:oak_leaves":2}},"DataVersion":3465}