{"stats":{"minecraft:custom":{"minecraft:time_since_rest":1723,"minecraft:crouch_one_cm":165,"minecraft:play_time":7102,"minecraft:sprint_one_cm":8505,"minecraft:walk_one_cm":6544,"minecraft:damage_taken":599,"minecraft:deaths":2,"minecraft:sneak_time":50,"minecraft:drop":1,"minecraft:jump":136,"minecraft:damage_dealt":203,"minecraft:time_since_death":416,"minecraft:total_world_time":7102,"minecraft:fall_one_cm":3064,"minecraft:fly_one_cm":20709},"minecraft:killed_by":{"minecraft:player":2},"minecraft:dropped":{"minecraft:wheat_seeds":1},"minecraft:mined":{"minecraft:grass":2,"minecraft:grass_block":4,"minecraft:oak_leaves":4},"minecraft:used":{"minecraft:dirt":4},"minecraft:picked_up":{"minecraft:wooden_sword":1,"minecraft:apple":1,"minecraft:wheat_seeds":2,"minecraft:dirt":4}},"DataVersion":3465}