{"stats":{"minecraft:picked_up":{"minecraft:feather":5,"minecraft:cooked_beef":4,"minecraft:chicken":3,"minecraft:andesite":6,"minecraft:leather":4,"minecraft:brown_wool":2,"minecraft:wooden_pickaxe":1,"spelunkers_charm:old_miners_bundle":1,"minecraft:dirt":48,"minecraft:raw_copper":13,"minecraft:leather_boots":1,"minecraft:bone":1,"farmersdelight:cooking_pot":1,"minecraft:bow":1,"minecraft:detector_rail":4,"minecraft:raw_gold":1,"minecraft:beef":11,"minecraft:stone_pickaxe":1,"minecraft:wooden_shovel":1,"minecraft:iron_pickaxe":1,"farmersdelight:cabbage_seeds":2,"minecraft:egg":3,"minecraft:stick":23,"minecraft:raw_iron":53,"minecraft:sandstone":2,"minecraft:torch":23,"minecraft:spruce_fence":1,"minecraft:porkchop":10,"minecraft:sand":5,"minecraft:spruce_sapling":56,"minecraft:diorite":6,"minecraft:spruce_log":166,"alexsmobs:animal_dictionary":1,"minecraft:stone_sword":1,"minecraft:rotten_flesh":2,"minecraft:beetroot_seeds":4,"minecraft:stone_axe":2,"minecraft:golden_apple":1,"minecraft:gray_wool":2,"minecraft:white_wool":4,"minecraft:melon_seeds":2,"minecraft:coal":31,"minecraft:mutton":10,"minecraft:snowball":34,"minecraft:rail":8,"minecraft:cobblestone":182},"minecraft:killed":{"minecraft:pig":6,"minecraft:skeleton":3,"minecraft:sheep":8,"minecraft:zombie":6,"minecraft:chicken":3,"alexsmobs:fly":1,"minecraft:cow":5},"minecraft:dropped":{"minecraft:rotten_flesh":2},"minecraft:custom":{"minecraft:interact_with_furnace":53,"minecraft:mob_kills":32,"minecraft:interact_with_crafting_table":24,"minecraft:leave_game":2,"minecraft:time_since_death":25950,"minecraft:time_since_rest":25993,"minecraft:sprint_one_cm":103116,"minecraft:damage_absorbed":40,"minecraft:damage_taken":840,"minecraft:walk_one_cm":99976,"minecraft:drop":1,"minecraft:damage_dealt":3689,"minecraft:swim_one_cm":6602,"minecraft:fly_one_cm":144930,"minecraft:open_chest":26,"minecraft:crouch_one_cm":13325,"minecraft:play_time":48930,"minecraft:deaths":1,"minecraft:sneak_time":4107,"minecraft:walk_under_water_one_cm":4584,"minecraft:jump":892,"minecraft:walk_on_water_one_cm":4168,"minecraft:total_world_time":48930,"minecraft:fall_one_cm":26032},"minecraft:crafted":{"minecraft:cooked_beef":10,"minecraft:wooden_shovel":1,"minecraft:leather_boots":1,"minecraft:crafting_table":1,"minecraft:spruce_planks":240,"minecraft:wooden_pickaxe":1,"minecraft:cooked_chicken":1,"minecraft:furnace":4,"minecraft:snow":12,"minecraft:spruce_fence":63,"minecraft:stone_axe":2,"minecraft:cooked_mutton":1,"minecraft:air":0,"minecraft:charcoal":51,"minecraft:stick":48,"minecraft:iron_ingot":4,"minecraft:iron_pickaxe":1,"minecraft:stone_pickaxe":2,"minecraft:wooden_axe":1,"minecraft:stone_sword":1,"minecraft:snow_block":8,"minecraft:iron_shovel":1,"quark:spruce_chest":2,"minecraft:spruce_fence_gate":2,"minecraft:torch":8},"minecraft:broken":{"minecraft:stone_pickaxe":1,"minecraft:wooden_shovel":1,"minecraft:wooden_axe":1},"minecraft:mined":{"minecraft:torch":3,"minecraft:grass_block":47,"minecraft:spruce_fence":1,"minecraft:copper_ore":3,"minecraft:spruce_leaves":8,"minecraft:sandstone":2,"minecraft:diorite":6,"minecraft:wall_torch":3,"minecraft:large_fern":1,"minecraft:spruce_sapling":1,"minecraft:iron_ore":50,"minecraft:snow":35,"minecraft:spruce_log":169,"minecraft:andesite":6,"minecraft:coal_ore":32,"minecraft:sand":5,"minecraft:dirt":1,"minecraft:stone":166,"minecraft:gold_ore":1,"minecraft:fern":5},"minecraft:used":{"minecraft:iron_shovel":24,"minecraft:stone_sword":91,"minecraft:stone_pickaxe":151,"minecraft:spruce_planks":1,"minecraft:wooden_pickaxe":4,"minecraft:sandstone":2,"minecraft:spruce_fence_gate":1,"minecraft:wooden_shovel":59,"minecraft:cooked_chicken":1,"minecraft:torch":6,"minecraft:golden_apple":1,"minecraft:dirt":2,"minecraft:sand":5,"minecraft:crafting_table":1,"minecraft:spruce_fence":22,"minecraft:snowball":2,"minecraft:wooden_axe":69,"quark:spruce_chest":2,"minecraft:chicken":1,"minecraft:iron_pickaxe":116,"minecraft:spruce_sapling":16,"minecraft:stone_axe":129,"minecraft:cobblestone":81,"minecraft:snow":12,"minecraft:furnace":4,"farmersdelight:cooking_pot":1,"minecraft:andesite":1,"minecraft:cooked_beef":4}},"DataVersion":3465}