{
  "minecraft:recipes/decorations/crafting_table": {
    "criteria": {
      "unlock_right_away": "2024-06-15 12:45:56 +0000"
    },
    "done": true
  },
  "minecraft:adventure/adventuring_time": {
    "criteria": {
      "minecraft:snowy_slopes": "2024-06-15 13:15:36 +0000",
      "minecraft:old_growth_pine_taiga": "2024-06-15 12:54:48 +0000",
      "minecraft:forest": "2024-06-15 12:58:12 +0000",
      "minecraft:taiga": "2024-06-15 12:54:15 +0000",
      "minecraft:frozen_ocean": "2024-06-15 13:11:37 +0000",
      "minecraft:desert": "2024-06-15 13:01:01 +0000",
      "minecraft:windswept_forest": "2024-06-15 12:54:52 +0000",
      "minecraft:cherry_grove": "2024-06-15 13:15:16 +0000",
      "minecraft:sunflower_plains": "2024-06-15 13:07:56 +0000",
      "minecraft:birch_forest": "2024-06-15 13:09:53 +0000",
      "minecraft:windswept_hills": "2024-06-15 12:57:54 +0000",
      "minecraft:wooded_badlands": "2024-06-15 13:00:03 +0000",
      "minecraft:bamboo_jungle": "2024-06-15 12:50:50 +0000",
      "minecraft:windswept_savanna": "2024-06-15 13:05:46 +0000",
      "minecraft:warm_ocean": "2024-06-15 13:01:02 +0000",
      "minecraft:badlands": "2024-06-15 13:00:36 +0000",
      "minecraft:flower_forest": "2024-06-15 13:07:31 +0000",
      "minecraft:beach": "2024-06-15 12:59:17 +0000",
      "minecraft:dark_forest": "2024-06-15 12:56:49 +0000",
      "minecraft:sparse_jungle": "2024-06-15 12:45:57 +0000",
      "minecraft:river": "2024-06-15 12:47:34 +0000",
      "minecraft:lukewarm_ocean": "2024-06-15 13:05:58 +0000",
      "minecraft:snowy_plains": "2024-06-15 13:11:38 +0000",
      "minecraft:dripstone_caves": "2024-06-15 13:16:05 +0000",
      "minecraft:snowy_taiga": "2024-06-15 13:11:39 +0000",
      "minecraft:frozen_peaks": "2024-06-15 13:15:30 +0000",
      "minecraft:old_growth_birch_forest": "2024-06-15 12:57:09 +0000",
      "minecraft:deep_dark": "2024-06-15 13:16:30 +0000",
      "minecraft:swamp": "2024-06-15 12:54:03 +0000",
      "minecraft:meadow": "2024-06-15 13:08:55 +0000",
      "minecraft:savanna": "2024-06-15 12:59:09 +0000",
      "minecraft:plains": "2024-06-15 12:58:43 +0000",
      "minecraft:jagged_peaks": "2024-06-15 13:27:28 +0000"
    },
    "done": false
  },
  "minecraft:recipes/misc/charcoal": {
    "criteria": {
      "has_log": "2024-06-15 12:46:32 +0000"
    },
    "done": true
  },
  "minecraft:recipes/building_blocks/oak_planks": {
    "criteria": {
      "has_logs": "2024-06-15 12:46:32 +0000"
    },
    "done": true
  },
  "minecraft:recipes/building_blocks/oak_wood": {
    "criteria": {
      "has_log": "2024-06-15 12:46:32 +0000"
    },
    "done": true
  },
  "minecraft:recipes/building_blocks/oak_slab": {
    "criteria": {
      "has_planks": "2024-06-15 12:46:34 +0000"
    },
    "done": true
  },
  "minecraft:recipes/decorations/oak_sign": {
    "criteria": {
      "has_planks": "2024-06-15 12:46:34 +0000"
    },
    "done": true
  },
  "minecraft:recipes/redstone/oak_trapdoor": {
    "criteria": {
      "has_planks": "2024-06-15 12:46:34 +0000"
    },
    "done": true
  },
  "minecraft:recipes/redstone/oak_fence_gate": {
    "criteria": {
      "has_planks": "2024-06-15 12:46:34 +0000"
    },
    "done": true
  },
  "minecraft:recipes/redstone/oak_pressure_plate": {
    "criteria": {
      "has_planks": "2024-06-15 12:46:34 +0000"
    },
    "done": true
  },
  "minecraft:recipes/redstone/oak_door": {
    "criteria": {
      "has_planks": "2024-06-15 12:46:34 +0000"
    },
    "done": true
  },
  "minecraft:recipes/misc/stick": {
    "criteria": {
      "has_planks": "2024-06-15 12:46:34 +0000"
    },
    "done": true
  },
  "minecraft:recipes/building_blocks/oak_stairs": {
    "criteria": {
      "has_planks": "2024-06-15 12:46:34 +0000"
    },
    "done": true
  },
  "minecraft:recipes/decorations/oak_fence": {
    "criteria": {
      "has_planks": "2024-06-15 12:46:34 +0000"
    },
    "done": true
  },
  "minecraft:recipes/decorations/barrel": {
    "criteria": {
      "has_planks": "2024-06-15 12:46:34 +0000"
    },
    "done": true
  },
  "minecraft:recipes/redstone/oak_button": {
    "criteria": {
      "has_planks": "2024-06-15 12:46:34 +0000"
    },
    "done": true
  },
  "minecraft:story/root": {
    "criteria": {
      "crafting_table": "2024-06-15 12:46:36 +0000"
    },
    "done": true
  },
  "minecraft:adventure/root": {
    "criteria": {
      "killed_by_something": "2024-06-15 12:47:04 +0000"
    },
    "done": true
  },
  "minecraft:recipes/transportation/mangrove_boat": {
    "criteria": {
      "in_water": "2024-06-15 12:47:35 +0000"
    },
    "done": true
  },
  "minecraft:recipes/transportation/acacia_boat": {
    "criteria": {
      "in_water": "2024-06-15 12:47:35 +0000"
    },
    "done": true
  },
  "minecraft:recipes/transportation/cherry_boat": {
    "criteria": {
      "in_water": "2024-06-15 12:47:35 +0000"
    },
    "done": true
  },
  "minecraft:recipes/transportation/bamboo_raft": {
    "criteria": {
      "in_water": "2024-06-15 12:47:35 +0000"
    },
    "done": true
  },
  "minecraft:recipes/transportation/spruce_boat": {
    "criteria": {
      "in_water": "2024-06-15 12:47:35 +0000"
    },
    "done": true
  },
  "minecraft:recipes/transportation/birch_boat": {
    "criteria": {
      "in_water": "2024-06-15 12:47:35 +0000"
    },
    "done": true
  },
  "minecraft:recipes/transportation/oak_boat": {
    "criteria": {
      "in_water": "2024-06-15 12:47:35 +0000"
    },
    "done": true
  },
  "minecraft:recipes/transportation/jungle_boat": {
    "criteria": {
      "in_water": "2024-06-15 12:47:35 +0000"
    },
    "done": true
  },
  "minecraft:recipes/transportation/dark_oak_boat": {
    "criteria": {
      "in_water": "2024-06-15 12:47:35 +0000"
    },
    "done": true
  },
  "minecraft:recipes/misc/red_dye_from_poppy": {
    "criteria": {
      "has_poppy": "2024-06-15 12:47:49 +0000"
    },
    "done": true
  },
  "minecraft:recipes/tools/flint_and_steel": {
    "criteria": {
      "has_obsidian": "2024-06-15 12:51:31 +0000"
    },
    "done": true
  },
  "minecraft:story/form_obsidian": {
    "criteria": {
      "obsidian": "2024-06-15 12:51:31 +0000"
    },
    "done": true
  },
  "minecraft:recipes/decorations/enchanting_table": {
    "criteria": {
      "has_obsidian": "2024-06-15 12:51:31 +0000"
    },
    "done": true
  },
  "minecraft:nether/explore_nether": {
    "criteria": {
      "minecraft:crimson_forest": "2024-06-15 12:51:48 +0000",
      "minecraft:nether_wastes": "2024-06-15 12:52:00 +0000",
      "minecraft:basalt_deltas": "2024-06-15 12:52:25 +0000"
    },
    "done": false
  },
  "minecraft:nether/root": {
    "criteria": {
      "entered_nether": "2024-06-15 12:51:48 +0000"
    },
    "done": true
  },
  "minecraft:story/enter_the_nether": {
    "criteria": {
      "entered_nether": "2024-06-15 12:51:48 +0000"
    },
    "done": true
  },
  "minecraft:recipes/misc/gold_nugget_from_smelting": {
    "criteria": {
      "has_golden_hoe": "2024-06-15 13:01:24 +0000"
    },
    "done": true
  },
  "minecraft:recipes/misc/gold_nugget_from_blasting": {
    "criteria": {
      "has_golden_hoe": "2024-06-15 13:01:24 +0000"
    },
    "done": true
  },
  "minecraft:recipes/misc/gold_ingot_from_nuggets": {
    "criteria": {
      "has_gold_nugget": "2024-06-15 13:01:26 +0000"
    },
    "done": true
  },
  "minecraft:recipes/brewing/golden_carrot": {
    "criteria": {
      "has_gold_nugget": "2024-06-15 13:01:26 +0000"
    },
    "done": true
  },
  "DataVersion": 3953
}