{
  "minecraft:recipes/decorations/crafting_table": {
    "criteria": {
      "unlock_right_away": "2024-06-19 10:38:55 +0000"
    },
    "done": true
  },
  "minecraft:adventure/adventuring_time": {
    "criteria": {
      "minecraft:stony_shore": "2024-06-19 11:07:00 +0000",
      "minecraft:snowy_taiga": "2024-06-19 10:38:56 +0000",
      "minecraft:frozen_ocean": "2024-06-19 11:07:02 +0000",
      "minecraft:snowy_beach": "2024-06-19 11:07:08 +0000"
    },
    "done": false
  },
  "DataVersion": 3465
}