{
  "farmersdelight:main/root": {
    "criteria": {
      "seeds": "2024-06-20 12:53:02 +0000"
    },
    "done": true
  },
  "minecraft:adventure/adventuring_time": {
    "criteria": {
      "minecraft:snowy_slopes": "2024-06-20 13:27:13 +0000",
      "minecraft:taiga": "2024-06-20 13:29:35 +0000",
      "minecraft:eroded_badlands": "2024-06-20 13:00:27 +0000",
      "minecraft:cherry_grove": "2024-06-20 13:27:11 +0000",
      "minecraft:wooded_badlands": "2024-06-20 13:01:04 +0000",
      "minecraft:badlands": "2024-06-20 13:00:23 +0000",
      "minecraft:stony_peaks": "2024-06-20 13:26:25 +0000",
      "minecraft:mangrove_swamp": "2024-06-20 12:57:42 +0000",
      "minecraft:sparse_jungle": "2024-06-20 13:28:11 +0000",
      "minecraft:river": "2024-06-20 12:56:30 +0000",
      "minecraft:lukewarm_ocean": "2024-06-20 13:25:41 +0000",
      "minecraft:stony_shore": "2024-06-20 13:01:54 +0000",
      "minecraft:grove": "2024-06-20 13:26:39 +0000",
      "minecraft:forest": "2024-06-20 13:26:24 +0000",
      "minecraft:desert": "2024-06-20 12:53:03 +0000",
      "minecraft:jungle": "2024-06-20 13:26:13 +0000",
      "minecraft:warm_ocean": "2024-06-20 13:18:16 +0000",
      "minecraft:deep_lukewarm_ocean": "2024-06-20 13:25:34 +0000",
      "minecraft:frozen_peaks": "2024-06-20 13:29:23 +0000",
      "minecraft:meadow": "2024-06-20 13:28:32 +0000",
      "minecraft:plains": "2024-06-20 13:26:51 +0000"
    },
    "done": false
  },
  "minecraft:adventure/root": {
    "criteria": {
      "killed_something": "2024-06-20 12:53:31 +0000"
    },
    "done": true
  },
  "minecraft:adventure/kill_all_mobs": {
    "criteria": {
      "minecraft:skeleton": "2024-06-20 13:09:49 +0000",
      "minecraft:husk": "2024-06-20 12:53:31 +0000",
      "minecraft:zombie": "2024-06-20 13:19:41 +0000"
    },
    "done": false
  },
  "minecraft:adventure/kill_a_mob": {
    "criteria": {
      "minecraft:husk": "2024-06-20 12:53:31 +0000"
    },
    "done": true
  },
  "minecraft:adventure/sleep_in_bed": {
    "criteria": {
      "slept_in_bed": "2024-06-20 12:54:51 +0000"
    },
    "done": true
  },
  "farmersdelight:main/craft_knife": {
    "criteria": {
      "golden_knife": "2024-06-20 12:56:42 +0000"
    },
    "done": true
  },
  "quark:crawl_in_hollow_log": {
    "criteria": {
      "crawl_in_hollow_log": "2024-06-20 13:08:33 +0000"
    },
    "done": true
  },
  "minecraft:story/root": {
    "criteria": {
      "crafting_table": "2024-06-20 13:08:49 +0000"
    },
    "done": true
  },
  "minecraft:husbandry/balanced_diet": {
    "criteria": {
      "apple": "2024-06-20 13:11:48 +0000"
    },
    "done": false
  },
  "minecraft:husbandry/root": {
    "criteria": {
      "consumed_item": "2024-06-20 13:11:48 +0000"
    },
    "done": true
  },
  "minecraft:story/mine_stone": {
    "criteria": {
      "get_stone": "2024-06-20 13:13:36 +0000"
    },
    "done": true
  },
  "minecraft:story/upgrade_tools": {
    "criteria": {
      "stone_pickaxe": "2024-06-20 13:13:47 +0000"
    },
    "done": true
  },
  "endrem:main/old_eye": {
    "criteria": {
      "old_eye": "2024-06-20 13:23:15 +0000"
    },
    "done": true
  },
  "endrem:main/root": {
    "criteria": {
      "old_eye": "2024-06-20 13:23:15 +0000"
    },
    "done": true
  },
  "supplementaries:adventure/way_sign": {
    "criteria": {
      "bastion": "2024-06-20 13:28:03 +0000"
    },
    "done": true
  },
  "DataVersion": 3465
}