{
  "minecraft:recipes/decorations/crafting_table": {
    "criteria": {
      "unlock_right_away": "2024-06-17 14:05:59 +0000"
    },
    "done": true
  },
  "minecraft:adventure/adventuring_time": {
    "criteria": {
      "minecraft:beach": "2024-06-17 14:06:05 +0000",
      "minecraft:river": "2024-06-17 14:19:04 +0000",
      "minecraft:forest": "2024-06-17 14:06:00 +0000",
      "minecraft:savanna": "2024-06-17 14:06:45 +0000",
      "minecraft:plains": "2024-06-17 14:19:29 +0000"
    },
    "done": false
  },
  "DataVersion": 3465
}