{
  "minecraft:story/mine_stone": {
    "criteria": {
      "get_stone": "2024-06-20 13:54:54 +0000"
    },
    "done": true
  },
  "farmersdelight:main/root": {
    "criteria": {
      "seeds": "2024-06-20 13:45:34 +0000"
    },
    "done": true
  },
  "minecraft:adventure/adventuring_time": {
    "criteria": {
      "minecraft:snowy_slopes": "2024-06-20 13:54:10 +0000",
      "minecraft:wooded_badlands": "2024-06-20 13:49:59 +0000",
      "minecraft:savanna_plateau": "2024-06-20 13:48:02 +0000",
      "minecraft:beach": "2024-06-20 13:45:35 +0000",
      "minecraft:dark_forest": "2024-06-20 13:46:30 +0000",
      "minecraft:stony_peaks": "2024-06-20 13:49:40 +0000",
      "minecraft:sparse_jungle": "2024-06-20 13:49:37 +0000",
      "minecraft:lukewarm_ocean": "2024-06-20 13:50:54 +0000",
      "minecraft:river": "2024-06-20 13:46:33 +0000",
      "minecraft:stony_shore": "2024-06-20 13:47:18 +0000",
      "minecraft:jungle": "2024-06-20 13:49:36 +0000",
      "minecraft:ocean": "2024-06-20 13:46:05 +0000",
      "minecraft:old_growth_birch_forest": "2024-06-20 13:46:56 +0000",
      "minecraft:savanna": "2024-06-20 13:53:32 +0000",
      "minecraft:plains": "2024-06-20 13:54:12 +0000"
    },
    "done": false
  },
  "DataVersion": 3465
}