{
  "farmersdelight:main/root": {
    "criteria": {
      "seeds": "2024-06-20 14:03:40 +0000"
    },
    "done": true
  },
  "supplementaries:adventure/way_sign": {
    "criteria": {
      "bastion": "2024-06-20 14:10:12 +0000"
    },
    "done": true
  },
  "minecraft:adventure/adventuring_time": {
    "criteria": {
      "minecraft:snowy_slopes": "2024-06-20 14:06:55 +0000",
      "minecraft:savanna_plateau": "2024-06-20 14:07:28 +0000",
      "minecraft:beach": "2024-06-20 14:05:27 +0000",
      "minecraft:dark_forest": "2024-06-20 14:03:41 +0000",
      "minecraft:lukewarm_ocean": "2024-06-20 14:07:44 +0000",
      "minecraft:river": "2024-06-20 14:06:00 +0000",
      "minecraft:stony_shore": "2024-06-20 14:08:11 +0000",
      "minecraft:jagged_peaks": "2024-06-20 14:10:33 +0000",
      "minecraft:ocean": "2024-06-20 14:08:18 +0000",
      "minecraft:old_growth_spruce_taiga": "2024-06-20 14:09:46 +0000",
      "minecraft:old_growth_birch_forest": "2024-06-20 14:08:46 +0000",
      "minecraft:savanna": "2024-06-20 14:07:40 +0000",
      "minecraft:plains": "2024-06-20 14:06:48 +0000"
    },
    "done": false
  },
  "DataVersion": 3465
}